RANK	DB	ID	ALT_ID	CONSENSUS	TP	TP%	FP	FP%	ENR_RATIO	SCORE_THR	PVALUE	LOG_PVALUE	EVALUE	LOG_EVALUE	QVALUE	LOG_QVALUE
1	streme_out/streme.xml	1-UGAAUGUAA	STREME-1	UGAAUGUAA	1668	37.37	552	12.37	3.02	8.9	2.60e-170	-390.48	6.25e-169	-387.30	6.25e-169	-387.30
2	meme_out/meme.xml	UAUGAAUGUA	MEME-2	UAUGAAUGUA	1270	28.45	391	8.76	3.24	9.6	1.09e-131	-301.55	2.62e-130	-298.37	1.31e-130	-299.07
3	streme_out/streme.xml	7-AGAAACCYUA	STREME-7	AGAAACCYUA	227	5.09	4	0.09	45.6	16	1.98e-63	-144.38	4.75e-62	-141.20	1.58e-62	-142.30
4	streme_out/streme.xml	2-ARUGUGGUAA	STREME-2	ARUGUGGUAA	270	6.05	22	0.49	11.8	11	2.69e-57	-130.26	6.46e-56	-127.08	1.61e-56	-128.47
5	meme_out/meme.xml	AGAGAAACCC	MEME-1	AGAGAAACCC	243	5.44	18	0.40	12.8	13	4.30e-53	-120.58	1.03e-51	-117.40	2.06e-52	-119.01
6	meme_out/meme.xml	GAGAGAAACC	MEME-4	GAGAGAAACC	243	5.44	22	0.49	10.6	14	8.31e-50	-113.01	1.99e-48	-109.83	3.32e-49	-111.63
7	streme_out/streme.xml	3-GGURAGU	STREME-3	GGURAGU	1520	34.05	950	21.28	1.6	7.8	7.06e-42	-94.75	1.69e-40	-91.58	2.42e-41	-93.52
8	streme_out/streme.xml	6-GGGGYGGGG	STREME-6	GGGGYGGGG	442	9.90	145	3.25	3.03	12	1.85e-38	-86.88	4.45e-37	-83.70	5.56e-38	-85.78
9	streme_out/streme.xml	15-AGCCUUUUCA	STREME-15	AGCCUUUUCA	177	3.97	14	0.31	11.9	14	4.61e-38	-85.97	1.11e-36	-82.79	1.23e-37	-84.99
10	streme_out/streme.xml	4-CAUACUGGAG	STREME-4	CAUACUGGAG	304	6.81	73	1.64	4.12	6.1	2.86e-36	-81.84	6.87e-35	-78.66	6.87e-36	-80.97
11	streme_out/streme.xml	14-CAUAAAAGAA	STREME-14	CAUAAAAGAA	119	2.67	4	0.09	24	18	4.19e-31	-69.95	1.01e-29	-66.77	9.15e-31	-69.17
12	streme_out/streme.xml	17-CAUACAGGAG	STREME-17	CAUACAGGAG	171	3.83	26	0.58	6.37	13	3.53e-28	-63.21	8.48e-27	-60.03	7.07e-28	-62.52
13	streme_out/streme.xml	8-CACACUGGAG	STREME-8	CACACUGGAG	240	5.38	60	1.34	3.95	8.1	9.05e-28	-62.27	2.17e-26	-59.09	1.67e-27	-61.66
14	meme_out/meme.xml	GGGGYGGGG	MEME-3	GGGGYGGGG	451	10.10	190	4.26	2.37	10	1.68e-27	-61.65	4.02e-26	-58.48	2.87e-27	-61.11
15	streme_out/streme.xml	19-UCAUCUUCS	STREME-19	UCAUCUUCS	1961	43.93	1502	33.65	1.31	6.3	1.15e-23	-52.82	2.77e-22	-49.64	1.85e-23	-52.35
16	streme_out/streme.xml	5-AAAGCCUUUG	STREME-5	AAAGCCUUUG	259	5.80	82	1.84	3.13	12	1.30e-23	-52.69	3.13e-22	-49.52	1.85e-23	-52.35
17	streme_out/streme.xml	9-CCCCACCCC	STREME-9	CCCCACCCC	222	4.97	61	1.37	3.6	13	1.31e-23	-52.69	3.14e-22	-49.51	1.85e-23	-52.35
18	streme_out/streme.xml	16-GCUGCUG	STREME-16	GCUGCUG	1288	28.85	887	19.87	1.45	8.6	2.45e-23	-52.06	5.88e-22	-48.88	3.27e-23	-51.78
19	streme_out/streme.xml	10-UUUAUUUU	STREME-10	UUUAUUUU	2124	47.58	1666	37.32	1.27	6.1	5.92e-23	-51.18	1.42e-21	-48.00	7.48e-23	-50.95
20	streme_out/streme.xml	11-CCAAUGUGGU	STREME-11	CCAAUGUGGU	201	4.50	58	1.30	3.42	11	1.84e-20	-45.44	4.41e-19	-42.26	2.21e-20	-45.26
21	streme_out/streme.xml	18-UUUAAAUA	STREME-18	UUUAAAUA	811	18.17	505	11.31	1.6	9.7	3.10e-20	-44.92	7.45e-19	-41.74	3.55e-20	-44.79
22	streme_out/streme.xml	12-UACUCUCCAA	STREME-12	UACUCUCCAA	137	3.07	35	0.78	3.83	8.3	5.08e-16	-35.22	1.22e-14	-32.04	5.54e-16	-35.13
23	streme_out/streme.xml	20-CACCGAC	STREME-20	CACCGAC	1261	28.25	1036	23.21	1.22	6.8	2.87e-8	-17.36	6.90e-7	-14.19	3.00e-8	-17.32
24	streme_out/streme.xml	13-CUACCUCC	STREME-13	CUACCUCC	169	3.79	90	2.02	1.87	11	3.63e-7	-14.83	8.71e-6	-11.65	3.63e-7	-14.83

# SEA (Simple Enrichment Analysis): Version 5.5.3 compiled on Jun 15 2023 at 16:41:42
# The format of this file is described at https://meme-suite.org/meme/doc/sea-output-format.html.
# sea --verbosity 1 --oc sea_disc_out --qvalue --thresh 1 --order 2 --bfile ./background --seed 0 --align center --motif-pseudo 0.01 --noseqs --m meme_out/meme.xml --m streme_out/streme.xml --p mirBS_200_both_sides.fasta
